{"schema": "molecular_geometry",
"sites": [
    {
        "species": "H",
        "x": -0.000000000000,
        "y":  0.754700000000,
        "z": -0.521394777902 
    },
    {
        "species": "H",
        "x":  0.000000000000,    
        "y": -0.754700000000,
        "z": -0.521394777902
    },
    {
        "species": "O",
        "x": -0.000000000000, 
        "y":  0.000000000000,
        "z":  0.065705222098
    }
]
}
