{
  "nuclear_repulsion": 0.0,
  "pairinfo": [
    "0",
    "0.0",
    "0.0\n"
  ],
  "occinfo": [
    -0.917962,
    0.00437667,
    0.001634
  ],
  "n_pno": 2
}